Employee Number,Name,Attrition
[1],['a'],Might Leave
[2],['b'],May stay
[4],['c'],Might Leave
[5],['d'],May stay
[7],['e'],May stay
[8],['f'],May stay
[10],['g'],May stay
[11],['f'],May stay
[12],['h'],May stay
[13],['i'],May stay
[14],['j'],May stay
[15],['k'],May stay
[16],['l'],May stay
[18],['m'],May stay
[19],['n'],Might Leave
[20],['o'],May stay
[21],['p'],May stay
[22],['q'],May stay
[23],[nan],May stay
[24],[nan],May stay
[26],[nan],May stay
[27],[nan],Might Leave
[28],[nan],May stay
[30],[nan],May stay
[31],[nan],May stay
[32],[nan],May stay
[33],[nan],Might Leave
[35],[nan],May stay
[36],[nan],May stay
[38],[nan],May stay
[39],[nan],May stay
[40],[nan],May stay
[41],[nan],May stay
[42],[nan],May stay
[45],[nan],Might Leave
[46],[nan],May stay
[47],[nan],Might Leave
[49],[nan],May stay
[51],[nan],May stay
[52],[nan],May stay
[53],[nan],May stay
[54],[nan],May stay
[55],[nan],Might Leave
[56],[nan],May stay
[57],[nan],May stay
[58],[nan],Might Leave
[60],[nan],May stay
[61],[nan],May stay
[62],[nan],May stay
[63],[nan],May stay
[64],[nan],Might Leave
[65],[nan],Might Leave
[68],[nan],May stay
[70],[nan],May stay
[72],[nan],May stay
[73],[nan],May stay
[74],[nan],May stay
[75],[nan],May stay
[76],[nan],May stay
[77],[nan],May stay
[78],[nan],May stay
[79],[nan],May stay
[80],[nan],May stay
[81],[nan],May stay
[83],[nan],May stay
[84],[nan],May stay
[85],[nan],May stay
[86],[nan],May stay
[88],[nan],May stay
[90],[nan],Might Leave
[91],[nan],May stay
[94],[nan],May stay
[95],[nan],May stay
[96],[nan],May stay
[97],[nan],May stay
[98],[nan],May stay
[100],[nan],May stay
[101],[nan],May stay
[102],[nan],May stay
[103],[nan],May stay
[104],[nan],May stay
[105],[nan],May stay
[106],[nan],May stay
[107],[nan],May stay
[110],[nan],May stay
[112],[nan],May stay
[113],[nan],May stay
[116],[nan],May stay
[117],[nan],May stay
[118],[nan],May stay
[119],[nan],May stay
[120],[nan],May stay
[121],[nan],May stay
[124],[nan],May stay
[125],[nan],May stay
[126],[nan],May stay
[128],[nan],May stay
[129],[nan],May stay
[131],[nan],May stay
[132],[nan],May stay
[133],[nan],Might Leave
[134],[nan],May stay
[137],[nan],Might Leave
[138],[nan],May stay
[139],[nan],May stay
[140],[nan],May stay
[141],[nan],May stay
[142],[nan],Might Leave
[143],[nan],May stay
[144],[nan],May stay
[145],[nan],May stay
[147],[nan],Might Leave
[148],[nan],May stay
[150],[nan],May stay
[151],[nan],May stay
[152],[nan],May stay
[153],[nan],May stay
[154],[nan],May stay
[155],[nan],May stay
[158],[nan],May stay
[159],[nan],May stay
[160],[nan],May stay
[161],[nan],Might Leave
[162],[nan],May stay
[163],[nan],May stay
[164],[nan],May stay
[165],[nan],Might Leave
[167],[nan],Might Leave
[169],[nan],May stay
[170],[nan],May stay
[171],[nan],May stay
[174],[nan],May stay
[175],[nan],May stay
[176],[nan],May stay
[177],[nan],May stay
[178],[nan],May stay
[179],[nan],May stay
[182],[nan],May stay
[183],[nan],May stay
[184],[nan],May stay
[190],[nan],Might Leave
[192],[nan],May stay
[193],[nan],May stay
[194],[nan],May stay
[195],[nan],May stay
[197],[nan],May stay
[198],[nan],May stay
[199],[nan],May stay
[200],[nan],May stay
[201],[nan],May stay
[202],[nan],May stay
[204],[nan],May stay
[205],[nan],May stay
[206],[nan],May stay
[207],[nan],May stay
[208],[nan],May stay
[211],[nan],May stay
[214],[nan],May stay
[215],[nan],May stay
[216],[nan],May stay
[217],[nan],May stay
[218],[nan],May stay
[221],[nan],May stay
[223],[nan],May stay
[224],[nan],May stay
[226],[nan],May stay
[227],[nan],May stay
[228],[nan],May stay
[230],[nan],May stay
[231],[nan],May stay
[233],[nan],May stay
[235],[nan],Might Leave
[238],[nan],May stay
[239],[nan],May stay
[240],[nan],May stay
[241],[nan],May stay
[242],[nan],May stay
[243],[nan],Might Leave
[244],[nan],May stay
[245],[nan],May stay
[246],[nan],May stay
[247],[nan],May stay
[248],[nan],Might Leave
[249],[nan],May stay
[250],[nan],May stay
[252],[nan],May stay
[253],[nan],May stay
[254],[nan],May stay
[256],[nan],May stay
[258],[nan],May stay
[259],[nan],May stay
[260],[nan],May stay
[261],[nan],Might Leave
[262],[nan],May stay
[264],[nan],May stay
[267],[nan],May stay
[269],[nan],May stay
[270],[nan],May stay
[271],[nan],May stay
[273],[nan],May stay
[274],[nan],May stay
[275],[nan],May stay
[277],[nan],May stay
[281],[nan],May stay
[282],[nan],May stay
[283],[nan],Might Leave
[284],[nan],May stay
[286],[nan],May stay
[287],[nan],May stay
[288],[nan],May stay
[291],[nan],May stay
[292],[nan],May stay
[293],[nan],May stay
[296],[nan],May stay
[297],[nan],Might Leave
[298],[nan],May stay
[299],[nan],Might Leave
[300],[nan],May stay
[302],[nan],May stay
[303],[nan],May stay
[304],[nan],May stay
[305],[nan],May stay
[306],[nan],May stay
[307],[nan],May stay
[308],[nan],May stay
[309],[nan],May stay
[311],[nan],May stay
[312],[nan],May stay
[314],[nan],May stay
[315],[nan],Might Leave
[316],[nan],May stay
[319],[nan],May stay
[321],[nan],May stay
[323],[nan],May stay
[325],[nan],Might Leave
[327],[nan],May stay
[328],[nan],Might Leave
[329],[nan],May stay
[330],[nan],May stay
[331],[nan],Might Leave
[332],[nan],May stay
[333],[nan],May stay
[334],[nan],May stay
[335],[nan],May stay
[336],[nan],May stay
[337],[nan],May stay
[338],[nan],May stay
[339],[nan],May stay
[340],[nan],May stay
[341],[nan],May stay
[342],[nan],May stay
[343],[nan],May stay
[346],[nan],May stay
[347],[nan],May stay
[349],[nan],May stay
[350],[nan],May stay
[351],[nan],May stay
[352],[nan],May stay
[353],[nan],May stay
[355],[nan],Might Leave
[359],[nan],May stay
[361],[nan],May stay
[362],[nan],May stay
[363],[nan],May stay
[364],[nan],Might Leave
[366],[nan],May stay
[367],[nan],May stay
[369],[nan],May stay
[372],[nan],May stay
[373],[nan],May stay
[374],[nan],May stay
[376],[nan],May stay
[377],[nan],May stay
[378],[nan],May stay
[379],[nan],May stay
[380],[nan],May stay
[381],[nan],May stay
[382],[nan],May stay
[384],[nan],May stay
[385],[nan],May stay
[386],[nan],May stay
[387],[nan],May stay
[388],[nan],May stay
[389],[nan],May stay
[390],[nan],May stay
[391],[nan],May stay
[392],[nan],May stay
[393],[nan],May stay
[394],[nan],May stay
[395],[nan],May stay
[396],[nan],May stay
[397],[nan],May stay
[399],[nan],May stay
[401],[nan],May stay
[403],[nan],May stay
[404],[nan],May stay
[405],[nan],Might Leave
[406],[nan],May stay
[407],[nan],May stay
[408],[nan],May stay
[410],[nan],May stay
[411],[nan],May stay
[412],[nan],May stay
[416],[nan],May stay
[417],[nan],May stay
[419],[nan],May stay
[420],[nan],May stay
[421],[nan],May stay
[422],[nan],May stay
[423],[nan],May stay
[424],[nan],May stay
[425],[nan],May stay
[426],[nan],May stay
[428],[nan],May stay
[429],[nan],May stay
[430],[nan],May stay
[431],[nan],May stay
[433],[nan],May stay
[434],[nan],May stay
[436],[nan],May stay
[437],[nan],May stay
[438],[nan],May stay
[439],[nan],May stay
[440],[nan],Might Leave
[441],[nan],May stay
[442],[nan],May stay
[444],[nan],May stay
[445],[nan],May stay
[446],[nan],May stay
[447],[nan],May stay
[448],[nan],May stay
[449],[nan],May stay
[450],[nan],May stay
[451],[nan],May stay
[452],[nan],May stay
[453],[nan],May stay
[454],[nan],Might Leave
[455],[nan],May stay
[456],[nan],May stay
[458],[nan],May stay
[460],[nan],May stay
[461],[nan],May stay
[462],[nan],May stay
[463],[nan],May stay
[464],[nan],May stay
[465],[nan],May stay
[466],[nan],May stay
[467],[nan],May stay
[468],[nan],May stay
[469],[nan],May stay
[470],[nan],May stay
[471],[nan],May stay
[473],[nan],May stay
[474],[nan],May stay
[475],[nan],May stay
[476],[nan],May stay
[477],[nan],May stay
[478],[nan],Might Leave
[479],[nan],May stay
[481],[nan],May stay
[482],[nan],May stay
[483],[nan],May stay
[484],[nan],May stay
[485],[nan],Might Leave
[486],[nan],May stay
[487],[nan],May stay
[488],[nan],May stay
[491],[nan],May stay
[492],[nan],May stay
[493],[nan],May stay
[494],[nan],Might Leave
[495],[nan],May stay
[496],[nan],May stay
[497],[nan],May stay
[498],[nan],May stay
[499],[nan],May stay
[500],[nan],May stay
[501],[nan],May stay
[502],[nan],Might Leave
[505],[nan],May stay
[507],[nan],May stay
[508],[nan],May stay
[510],[nan],May stay
[511],[nan],May stay
[513],[nan],May stay
[514],[nan],Might Leave
[515],[nan],May stay
[516],[nan],May stay
[517],[nan],May stay
[518],[nan],May stay
[520],[nan],May stay
[521],[nan],May stay
[522],[nan],May stay
[523],[nan],May stay
[524],[nan],May stay
[525],[nan],May stay
[526],[nan],May stay
[527],[nan],May stay
[529],[nan],May stay
[530],[nan],May stay
[531],[nan],May stay
[532],[nan],May stay
[533],[nan],May stay
[534],[nan],May stay
[536],[nan],May stay
[538],[nan],May stay
[543],[nan],May stay
[544],[nan],May stay
[546],[nan],May stay
[547],[nan],May stay
[548],[nan],May stay
[549],[nan],May stay
[550],[nan],May stay
[551],[nan],May stay
[554],[nan],Might Leave
[555],[nan],Might Leave
[556],[nan],May stay
[558],[nan],May stay
[560],[nan],May stay
[562],[nan],May stay
[564],[nan],May stay
[565],[nan],Might Leave
[566],[nan],Might Leave
[567],[nan],May stay
[568],[nan],May stay
[569],[nan],May stay
[571],[nan],May stay
[573],[nan],May stay
[574],[nan],May stay
[575],[nan],May stay
[577],[nan],May stay
[578],[nan],May stay
[579],[nan],May stay
[580],[nan],May stay
[581],[nan],May stay
[582],[nan],May stay
[584],[nan],May stay
[585],[nan],May stay
[586],[nan],May stay
[587],[nan],Might Leave
[590],[nan],Might Leave
[591],[nan],May stay
[592],[nan],May stay
[593],[nan],Might Leave
[595],[nan],May stay
[597],[nan],May stay
[599],[nan],May stay
[600],[nan],May stay
[601],[nan],May stay
[602],[nan],May stay
[604],[nan],May stay
[605],[nan],May stay
[606],[nan],May stay
[608],[nan],Might Leave
[611],[nan],May stay
[612],[nan],May stay
[613],[nan],May stay
[614],[nan],Might Leave
[615],[nan],May stay
[616],[nan],May stay
[618],[nan],May stay
[620],[nan],May stay
[621],[nan],May stay
[622],[nan],Might Leave
[623],[nan],May stay
[624],[nan],May stay
[625],[nan],May stay
[626],[nan],May stay
[630],[nan],May stay
[631],[nan],May stay
[632],[nan],May stay
[634],[nan],May stay
[635],[nan],May stay
[638],[nan],May stay
[639],[nan],May stay
[641],[nan],May stay
[643],[nan],May stay
[644],[nan],May stay
[645],[nan],May stay
[647],[nan],May stay
[648],[nan],Might Leave
[649],[nan],May stay
[650],[nan],May stay
[652],[nan],May stay
[653],[nan],May stay
[655],[nan],May stay
[656],[nan],May stay
[657],[nan],May stay
[659],[nan],May stay
[661],[nan],May stay
[662],[nan],May stay
[663],[nan],May stay
[664],[nan],May stay
[665],[nan],May stay
[666],[nan],May stay
[667],[nan],May stay
[669],[nan],May stay
[671],[nan],May stay
[675],[nan],May stay
[677],[nan],May stay
[679],[nan],May stay
[680],[nan],May stay
[682],[nan],May stay
[683],[nan],May stay
[684],[nan],Might Leave
[686],[nan],May stay
[689],[nan],May stay
[690],[nan],May stay
[691],[nan],May stay
[692],[nan],May stay
[698],[nan],May stay
[699],[nan],May stay
[700],[nan],May stay
[701],[nan],Might Leave
[702],[nan],Might Leave
[704],[nan],May stay
[705],[nan],May stay
[707],[nan],May stay
[709],[nan],May stay
[710],[nan],May stay
[712],[nan],May stay
[714],[nan],May stay
[715],[nan],May stay
[716],[nan],May stay
[717],[nan],May stay
[720],[nan],Might Leave
[721],[nan],May stay
[722],[nan],May stay
[723],[nan],May stay
[724],[nan],May stay
[725],[nan],May stay
[727],[nan],May stay
[728],[nan],May stay
[729],[nan],May stay
[730],[nan],May stay
[731],[nan],May stay
[732],[nan],May stay
[733],[nan],May stay
[734],[nan],May stay
[738],[nan],May stay
[741],[nan],Might Leave
[742],[nan],May stay
[743],[nan],May stay
[744],[nan],May stay
[746],[nan],May stay
[747],[nan],May stay
[749],[nan],May stay
[752],[nan],May stay
[754],[nan],May stay
[757],[nan],May stay
[758],[nan],May stay
[760],[nan],May stay
[762],[nan],May stay
[763],[nan],May stay
[764],[nan],May stay
[766],[nan],May stay
[769],[nan],May stay
[771],[nan],May stay
[772],[nan],May stay
[773],[nan],May stay
[775],[nan],May stay
[776],[nan],May stay
[780],[nan],May stay
[781],[nan],May stay
[783],[nan],May stay
[784],[nan],May stay
[785],[nan],May stay
[786],[nan],May stay
[787],[nan],Might Leave
[789],[nan],May stay
[791],[nan],May stay
[792],[nan],May stay
[793],[nan],May stay
[796],[nan],May stay
[797],[nan],May stay
[799],[nan],May stay
[800],[nan],May stay
[802],[nan],May stay
[803],[nan],Might Leave
[804],[nan],May stay
[805],[nan],May stay
[806],[nan],May stay
[807],[nan],May stay
[808],[nan],May stay
[809],[nan],May stay
[811],[nan],Might Leave
[812],[nan],May stay
[813],[nan],May stay
[815],[nan],May stay
[816],[nan],Might Leave
[817],[nan],May stay
[819],[nan],Might Leave
[820],[nan],May stay
[823],[nan],May stay
[824],[nan],May stay
[825],[nan],Might Leave
[826],[nan],May stay
[827],[nan],May stay
[828],[nan],May stay
[829],[nan],May stay
[830],[nan],May stay
[832],[nan],May stay
[833],[nan],May stay
[834],[nan],May stay
[836],[nan],May stay
[837],[nan],May stay
[838],[nan],May stay
[840],[nan],May stay
[842],[nan],May stay
[843],[nan],May stay
[844],[nan],May stay
[845],[nan],May stay
[846],[nan],May stay
[847],[nan],May stay
[848],[nan],Might Leave
[850],[nan],May stay
[851],[nan],May stay
[852],[nan],May stay
[854],[nan],Might Leave
[855],[nan],May stay
[856],[nan],May stay
[857],[nan],May stay
[859],[nan],May stay
[861],[nan],May stay
[862],[nan],May stay
[864],[nan],May stay
[865],[nan],May stay
[867],[nan],May stay
[868],[nan],May stay
[869],[nan],May stay
[872],[nan],May stay
[874],[nan],May stay
[875],[nan],May stay
[878],[nan],May stay
[879],[nan],May stay
[880],[nan],May stay
[881],[nan],Might Leave
[882],[nan],May stay
[885],[nan],May stay
[887],[nan],May stay
[888],[nan],May stay
[889],[nan],May stay
[893],[nan],May stay
[894],[nan],May stay
[895],[nan],May stay
[896],[nan],Might Leave
[897],[nan],May stay
[899],[nan],May stay
[900],[nan],May stay
[901],[nan],May stay
[902],[nan],May stay
[903],[nan],May stay
[904],[nan],May stay
[905],[nan],May stay
[909],[nan],May stay
[910],[nan],May stay
[911],[nan],Might Leave
[912],[nan],May stay
[913],[nan],May stay
[916],[nan],May stay
[918],[nan],Might Leave
[920],[nan],May stay
[922],[nan],May stay
[923],[nan],May stay
[924],[nan],May stay
[925],[nan],May stay
[926],[nan],May stay
[927],[nan],May stay
[930],[nan],May stay
[932],[nan],Might Leave
[933],[nan],May stay
[934],[nan],May stay
[936],[nan],May stay
[939],[nan],May stay
[940],[nan],May stay
[941],[nan],May stay
[942],[nan],May stay
[944],[nan],May stay
[945],[nan],May stay
[947],[nan],May stay
[949],[nan],May stay
[950],[nan],May stay
[951],[nan],May stay
[952],[nan],Might Leave
[954],[nan],May stay
[956],[nan],May stay
[957],[nan],May stay
[958],[nan],May stay
[959],[nan],Might Leave
[960],[nan],Might Leave
[961],[nan],May stay
[964],[nan],May stay
[966],[nan],May stay
[967],[nan],May stay
[969],[nan],May stay
[970],[nan],Might Leave
[972],[nan],May stay
[974],[nan],May stay
[975],[nan],May stay
[976],[nan],May stay
[977],[nan],May stay
[981],[nan],May stay
[982],[nan],May stay
[983],[nan],May stay
[984],[nan],May stay
[985],[nan],May stay
[986],[nan],Might Leave
[987],[nan],May stay
[990],[nan],May stay
[991],[nan],Might Leave
[992],[nan],May stay
[994],[nan],Might Leave
[995],[nan],May stay
[996],[nan],May stay
[997],[nan],May stay
[998],[nan],May stay
[999],[nan],May stay
[1001],[nan],May stay
[1002],[nan],May stay
[1003],[nan],May stay
[1004],[nan],Might Leave
[1005],[nan],May stay
[1006],[nan],May stay
[1007],[nan],May stay
[1009],[nan],May stay
[1010],[nan],May stay
[1011],[nan],May stay
[1012],[nan],Might Leave
[1013],[nan],May stay
[1014],[nan],May stay
[1015],[nan],May stay
[1016],[nan],Might Leave
[1017],[nan],May stay
[1018],[nan],May stay
[1019],[nan],May stay
[1022],[nan],May stay
[1024],[nan],May stay
[1025],[nan],May stay
[1026],[nan],May stay
[1027],[nan],May stay
[1028],[nan],May stay
[1029],[nan],May stay
[1030],[nan],May stay
[1032],[nan],May stay
[1033],[nan],Might Leave
[1034],[nan],May stay
[1035],[nan],May stay
[1036],[nan],May stay
[1037],[nan],Might Leave
[1038],[nan],Might Leave
[1039],[nan],May stay
[1040],[nan],May stay
[1042],[nan],Might Leave
[1043],[nan],May stay
[1044],[nan],May stay
[1045],[nan],May stay
[1046],[nan],May stay
[1047],[nan],May stay
[1048],[nan],May stay
[1049],[nan],May stay
[1050],[nan],May stay
[1052],[nan],May stay
[1053],[nan],Might Leave
[1055],[nan],May stay
[1056],[nan],May stay
[1060],[nan],May stay
[1061],[nan],May stay
[1062],[nan],May stay
[1066],[nan],May stay
[1068],[nan],May stay
[1069],[nan],May stay
[1070],[nan],May stay
[1071],[nan],May stay
[1073],[nan],May stay
[1074],[nan],May stay
[1076],[nan],May stay
[1077],[nan],Might Leave
[1079],[nan],Might Leave
[1080],[nan],May stay
[1081],[nan],Might Leave
[1082],[nan],May stay
[1083],[nan],May stay
[1084],[nan],May stay
[1085],[nan],May stay
[1088],[nan],May stay
[1092],[nan],May stay
[1094],[nan],May stay
[1096],[nan],May stay
[1097],[nan],May stay
[1098],[nan],May stay
[1099],[nan],May stay
[1100],[nan],Might Leave
[1101],[nan],May stay
[1102],[nan],May stay
[1103],[nan],May stay
[1105],[nan],May stay
[1106],[nan],May stay
[1107],[nan],Might Leave
[1108],[nan],Might Leave
[1109],[nan],May stay
[1111],[nan],Might Leave
[1113],[nan],May stay
[1114],[nan],May stay
[1115],[nan],May stay
[1116],[nan],May stay
[1117],[nan],May stay
[1118],[nan],May stay
[1119],[nan],May stay
[1120],[nan],May stay
[1121],[nan],May stay
[1124],[nan],May stay
[1125],[nan],May stay
[1126],[nan],May stay
[1127],[nan],May stay
[1128],[nan],May stay
[1131],[nan],Might Leave
[1132],[nan],May stay
[1133],[nan],May stay
[1135],[nan],May stay
[1136],[nan],May stay
[1137],[nan],May stay
[1138],[nan],May stay
[1140],[nan],May stay
[1143],[nan],May stay
[1148],[nan],May stay
[1150],[nan],May stay
[1152],[nan],May stay
[1154],[nan],May stay
[1156],[nan],Might Leave
[1157],[nan],Might Leave
[1158],[nan],May stay
[1160],[nan],May stay
[1161],[nan],May stay
[1162],[nan],May stay
[1163],[nan],May stay
[1164],[nan],May stay
[1165],[nan],Might Leave
[1166],[nan],May stay
[1167],[nan],Might Leave
[1171],[nan],May stay
[1172],[nan],May stay
[1173],[nan],May stay
[1175],[nan],Might Leave
[1177],[nan],May stay
[1179],[nan],May stay
[1180],[nan],May stay
[1182],[nan],May stay
[1184],[nan],May stay
[1185],[nan],May stay
[1188],[nan],Might Leave
[1190],[nan],May stay
[1191],[nan],May stay
[1192],[nan],May stay
[1193],[nan],Might Leave
[1195],[nan],May stay
[1196],[nan],May stay
[1198],[nan],May stay
[1200],[nan],May stay
[1201],[nan],May stay
[1202],[nan],Might Leave
[1203],[nan],Might Leave
[1204],[nan],May stay
[1206],[nan],May stay
[1207],[nan],May stay
[1210],[nan],Might Leave
[1211],[nan],May stay
[1212],[nan],May stay
[1215],[nan],May stay
[1216],[nan],May stay
[1217],[nan],May stay
[1218],[nan],May stay
[1219],[nan],Might Leave
[1220],[nan],May stay
[1221],[nan],May stay
[1224],[nan],May stay
[1225],[nan],May stay
[1226],[nan],May stay
[1228],[nan],May stay
[1231],[nan],May stay
[1233],[nan],May stay
[1234],[nan],May stay
[1235],[nan],May stay
[1237],[nan],May stay
[1238],[nan],May stay
[1239],[nan],May stay
[1240],[nan],May stay
[1241],[nan],May stay
[1242],[nan],May stay
[1243],[nan],May stay
[1244],[nan],May stay
[1245],[nan],May stay
[1246],[nan],May stay
[1248],[nan],Might Leave
[1249],[nan],May stay
[1250],[nan],May stay
[1251],[nan],May stay
[1252],[nan],May stay
[1254],[nan],May stay
[1255],[nan],May stay
[1256],[nan],May stay
[1257],[nan],May stay
[1258],[nan],May stay
[1259],[nan],May stay
[1260],[nan],May stay
[1263],[nan],May stay
[1264],[nan],May stay
[1265],[nan],May stay
[1267],[nan],May stay
[1268],[nan],May stay
[1269],[nan],Might Leave
[1270],[nan],May stay
[1273],[nan],Might Leave
[1275],[nan],May stay
[1277],[nan],Might Leave
[1278],[nan],May stay
[1279],[nan],Might Leave
[1280],[nan],May stay
[1281],[nan],May stay
[1282],[nan],May stay
[1283],[nan],May stay
[1285],[nan],May stay
[1286],[nan],Might Leave
[1288],[nan],May stay
[1289],[nan],May stay
[1291],[nan],May stay
[1292],[nan],May stay
[1293],[nan],May stay
[1294],[nan],May stay
[1295],[nan],May stay
[1296],[nan],May stay
[1297],[nan],May stay
[1298],[nan],May stay
[1299],[nan],May stay
[1301],[nan],May stay
[1303],[nan],May stay
[1304],[nan],May stay
[1306],[nan],May stay
[1307],[nan],May stay
[1308],[nan],May stay
[1309],[nan],May stay
[1310],[nan],May stay
[1311],[nan],May stay
[1312],[nan],May stay
[1314],[nan],May stay
[1315],[nan],May stay
[1317],[nan],May stay
[1318],[nan],Might Leave
[1319],[nan],Might Leave
[1321],[nan],May stay
[1322],[nan],May stay
[1324],[nan],May stay
[1329],[nan],May stay
[1331],[nan],Might Leave
[1333],[nan],May stay
[1334],[nan],May stay
[1336],[nan],May stay
[1338],[nan],May stay
[1340],[nan],May stay
[1344],[nan],May stay
[1346],[nan],May stay
[1349],[nan],May stay
[1350],[nan],May stay
[1352],[nan],May stay
[1355],[nan],May stay
[1356],[nan],May stay
[1358],[nan],May stay
[1360],[nan],May stay
[1361],[nan],May stay
[1362],[nan],May stay
[1363],[nan],May stay
[1364],[nan],May stay
[1367],[nan],May stay
[1368],[nan],May stay
[1369],[nan],May stay
[1371],[nan],May stay
[1372],[nan],Might Leave
[1373],[nan],May stay
[1374],[nan],May stay
[1375],[nan],May stay
[1377],[nan],May stay
[1379],[nan],Might Leave
[1380],[nan],May stay
[1382],[nan],May stay
[1383],[nan],May stay
[1387],[nan],May stay
[1389],[nan],May stay
[1390],[nan],May stay
[1391],[nan],May stay
[1392],[nan],May stay
[1394],[nan],May stay
[1395],[nan],May stay
[1396],[nan],May stay
[1397],[nan],May stay
[1399],[nan],May stay
[1401],[nan],May stay
[1402],[nan],May stay
[1403],[nan],May stay
[1405],[nan],Might Leave
[1407],[nan],May stay
[1408],[nan],May stay
[1409],[nan],May stay
[1411],[nan],May stay
[1412],[nan],May stay
[1415],[nan],May stay
[1417],[nan],May stay
[1419],[nan],May stay
[1420],[nan],May stay
[1421],[nan],Might Leave
[1422],[nan],May stay
[1423],[nan],May stay
[1424],[nan],May stay
[1425],[nan],May stay
[1427],[nan],Might Leave
[1428],[nan],May stay
[1430],[nan],May stay
[1431],[nan],May stay
[1433],[nan],Might Leave
[1434],[nan],May stay
[1435],[nan],May stay
[1436],[nan],May stay
[1438],[nan],May stay
[1439],[nan],May stay
[1440],[nan],May stay
[1441],[nan],May stay
[1443],[nan],May stay
[1445],[nan],May stay
[1446],[nan],May stay
[1447],[nan],May stay
[1448],[nan],May stay
[1449],[nan],May stay
[1453],[nan],May stay
[1457],[nan],May stay
[1458],[nan],Might Leave
[1459],[nan],May stay
[1460],[nan],May stay
[1461],[nan],May stay
[1464],[nan],Might Leave
[1465],[nan],May stay
[1466],[nan],May stay
[1467],[nan],May stay
[1468],[nan],May stay
[1469],[nan],May stay
[1471],[nan],May stay
[1472],[nan],May stay
[1473],[nan],May stay
[1474],[nan],May stay
[1475],[nan],May stay
[1477],[nan],May stay
[1478],[nan],May stay
[1479],[nan],May stay
[1480],[nan],May stay
[1481],[nan],May stay
[1482],[nan],May stay
[1483],[nan],May stay
[1484],[nan],May stay
[1485],[nan],May stay
[1486],[nan],Might Leave
[1487],[nan],Might Leave
[1489],[nan],May stay
[1492],[nan],May stay
[1494],[nan],Might Leave
[1495],[nan],May stay
[1496],[nan],May stay
[1497],[nan],May stay
[1499],[nan],May stay
[1501],[nan],May stay
[1502],[nan],May stay
[1503],[nan],May stay
[1504],[nan],Might Leave
[1506],[nan],May stay
[1507],[nan],May stay
[1509],[nan],May stay
[1513],[nan],May stay
[1514],[nan],May stay
[1515],[nan],May stay
[1516],[nan],May stay
[1520],[nan],May stay
[1522],[nan],Might Leave
[1523],[nan],May stay
[1525],[nan],May stay
[1527],[nan],May stay
[1529],[nan],May stay
[1533],[nan],May stay
[1534],[nan],Might Leave
[1535],[nan],May stay
[1537],[nan],May stay
[1539],[nan],May stay
[1541],[nan],May stay
[1542],[nan],May stay
[1543],[nan],May stay
[1544],[nan],May stay
[1545],[nan],May stay
[1546],[nan],May stay
[1547],[nan],May stay
[1548],[nan],May stay
[1549],[nan],May stay
[1550],[nan],May stay
[1551],[nan],May stay
[1552],[nan],May stay
[1553],[nan],May stay
[1554],[nan],May stay
[1555],[nan],May stay
[1556],[nan],May stay
[1557],[nan],May stay
[1558],[nan],May stay
[1560],[nan],May stay
[1562],[nan],May stay
[1563],[nan],May stay
[1564],[nan],May stay
[1568],[nan],May stay
[1569],[nan],Might Leave
[1572],[nan],Might Leave
[1573],[nan],May stay
[1574],[nan],May stay
[1576],[nan],May stay
[1577],[nan],May stay
[1578],[nan],May stay
[1580],[nan],May stay
[1581],[nan],May stay
[1582],[nan],May stay
[1583],[nan],May stay
[1585],[nan],May stay
[1586],[nan],May stay
[1587],[nan],May stay
[1588],[nan],May stay
[1590],[nan],May stay
[1591],[nan],May stay
[1592],[nan],May stay
[1594],[nan],May stay
[1595],[nan],May stay
[1596],[nan],May stay
[1597],[nan],May stay
[1598],[nan],May stay
[1599],[nan],May stay
[1601],[nan],May stay
[1602],[nan],May stay
[1604],[nan],Might Leave
[1605],[nan],May stay
[1606],[nan],May stay
[1607],[nan],May stay
[1608],[nan],May stay
[1609],[nan],May stay
[1611],[nan],May stay
[1612],[nan],May stay
[1613],[nan],May stay
[1614],[nan],May stay
[1615],[nan],May stay
[1617],[nan],May stay
[1618],[nan],May stay
[1619],[nan],May stay
[1621],[nan],May stay
[1622],[nan],May stay
[1623],[nan],May stay
[1624],[nan],Might Leave
[1625],[nan],May stay
[1627],[nan],May stay
[1628],[nan],May stay
[1630],[nan],May stay
[1631],[nan],May stay
[1633],[nan],May stay
[1635],[nan],May stay
[1638],[nan],May stay
[1639],[nan],May stay
[1640],[nan],May stay
[1641],[nan],May stay
[1642],[nan],May stay
[1644],[nan],May stay
[1645],[nan],May stay
[1646],[nan],May stay
[1647],[nan],May stay
[1648],[nan],May stay
[1649],[nan],Might Leave
[1650],[nan],May stay
[1651],[nan],May stay
[1653],[nan],May stay
[1654],[nan],May stay
[1655],[nan],May stay
[1656],[nan],May stay
[1657],[nan],May stay
[1658],[nan],May stay
[1659],[nan],May stay
[1661],[nan],May stay
[1662],[nan],May stay
[1664],[nan],May stay
[1665],[nan],May stay
[1666],[nan],May stay
[1667],[nan],May stay
[1668],[nan],May stay
[1669],[nan],May stay
[1670],[nan],May stay
[1671],[nan],May stay
[1673],[nan],May stay
[1674],[nan],May stay
[1675],[nan],May stay
[1676],[nan],May stay
[1677],[nan],May stay
[1678],[nan],May stay
[1680],[nan],May stay
[1681],[nan],May stay
[1682],[nan],May stay
[1683],[nan],May stay
[1684],[nan],Might Leave
[1687],[nan],May stay
[1689],[nan],May stay
[1691],[nan],Might Leave
[1692],[nan],Might Leave
[1693],[nan],May stay
[1694],[nan],May stay
[1696],[nan],May stay
[1697],[nan],May stay
[1698],[nan],May stay
[1700],[nan],May stay
[1701],[nan],May stay
[1702],[nan],Might Leave
[1703],[nan],May stay
[1704],[nan],May stay
[1706],[nan],May stay
[1707],[nan],May stay
[1708],[nan],May stay
[1709],[nan],May stay
[1710],[nan],May stay
[1712],[nan],May stay
[1714],[nan],May stay
[1716],[nan],May stay
[1718],[nan],May stay
[1719],[nan],May stay
[1720],[nan],May stay
[1721],[nan],May stay
[1722],[nan],May stay
[1724],[nan],May stay
[1725],[nan],May stay
[1727],[nan],May stay
[1728],[nan],May stay
[1729],[nan],May stay
[1731],[nan],May stay
[1732],[nan],May stay
[1733],[nan],May stay
[1734],[nan],Might Leave
[1735],[nan],May stay
[1736],[nan],May stay
[1737],[nan],May stay
[1739],[nan],May stay
[1740],[nan],May stay
[1744],[nan],May stay
[1745],[nan],May stay
[1746],[nan],May stay
[1747],[nan],Might Leave
[1749],[nan],May stay
[1751],[nan],May stay
[1752],[nan],Might Leave
[1753],[nan],May stay
[1754],[nan],May stay
[1755],[nan],May stay
[1756],[nan],May stay
[1757],[nan],May stay
[1758],[nan],Might Leave
[1760],[nan],May stay
[1761],[nan],Might Leave
[1762],[nan],May stay
[1763],[nan],May stay
[1764],[nan],May stay
[1766],[nan],May stay
[1767],[nan],Might Leave
[1768],[nan],May stay
[1770],[nan],May stay
[1771],[nan],May stay
[1772],[nan],May stay
[1774],[nan],May stay
[1775],[nan],May stay
[1778],[nan],May stay
[1779],[nan],May stay
[1780],[nan],Might Leave
[1782],[nan],May stay
[1783],[nan],Might Leave
[1784],[nan],May stay
[1786],[nan],May stay
[1787],[nan],May stay
[1789],[nan],May stay
[1790],[nan],May stay
[1792],[nan],Might Leave
[1794],[nan],May stay
[1797],[nan],May stay
[1798],[nan],May stay
[1799],[nan],May stay
[1800],[nan],May stay
[1801],[nan],May stay
[1802],[nan],May stay
[1803],[nan],May stay
[1804],[nan],May stay
[1805],[nan],May stay
[1807],[nan],May stay
[1809],[nan],May stay
[1812],[nan],May stay
[1813],[nan],May stay
[1814],[nan],May stay
[1815],[nan],May stay
[1816],[nan],May stay
[1818],[nan],Might Leave
[1821],[nan],May stay
[1822],[nan],May stay
[1823],[nan],May stay
[1824],[nan],May stay
[1826],[nan],May stay
[1827],[nan],May stay
[1829],[nan],May stay
[1830],[nan],May stay
[1833],[nan],May stay
[1834],[nan],May stay
[1835],[nan],May stay
[1836],[nan],May stay
[1837],[nan],May stay
[1839],[nan],May stay
[1842],[nan],May stay
[1844],[nan],Might Leave
[1845],[nan],May stay
[1847],[nan],May stay
[1849],[nan],May stay
[1850],[nan],May stay
[1852],[nan],May stay
[1853],[nan],May stay
[1854],[nan],May stay
[1856],[nan],May stay
[1857],[nan],May stay
[1858],[nan],May stay
[1859],[nan],May stay
[1860],[nan],May stay
[1862],[nan],Might Leave
[1863],[nan],May stay
[1864],[nan],May stay
[1865],[nan],May stay
[1866],[nan],May stay
[1867],[nan],May stay
[1868],[nan],Might Leave
[1869],[nan],May stay
[1870],[nan],May stay
[1871],[nan],May stay
[1873],[nan],May stay
[1875],[nan],May stay
[1876],[nan],Might Leave
[1878],[nan],Might Leave
[1880],[nan],May stay
[1881],[nan],May stay
[1882],[nan],May stay
[1883],[nan],May stay
[1885],[nan],May stay
[1886],[nan],May stay
[1888],[nan],May stay
[1890],[nan],May stay
[1892],[nan],May stay
[1893],[nan],May stay
[1898],[nan],May stay
[1900],[nan],May stay
[1903],[nan],May stay
[1905],[nan],Might Leave
[1907],[nan],May stay
[1908],[nan],May stay
[1909],[nan],May stay
[1911],[nan],May stay
[1912],[nan],May stay
[1915],[nan],May stay
[1916],[nan],May stay
[1918],[nan],May stay
[1922],[nan],May stay
[1924],[nan],May stay
[1927],[nan],May stay
[1928],[nan],Might Leave
[1929],[nan],May stay
[1931],[nan],May stay
[1932],[nan],May stay
[1933],[nan],Might Leave
[1934],[nan],May stay
[1935],[nan],May stay
[1936],[nan],May stay
[1937],[nan],May stay
[1938],[nan],May stay
[1939],[nan],Might Leave
[1940],[nan],May stay
[1941],[nan],May stay
[1943],[nan],May stay
[1944],[nan],Might Leave
[1945],[nan],May stay
[1947],[nan],May stay
[1948],[nan],May stay
[1949],[nan],May stay
[1950],[nan],May stay
[1951],[nan],May stay
[1952],[nan],May stay
[1954],[nan],May stay
[1955],[nan],May stay
[1956],[nan],May stay
[1960],[nan],May stay
[1961],[nan],May stay
[1962],[nan],May stay
[1965],[nan],May stay
[1966],[nan],May stay
[1967],[nan],Might Leave
[1968],[nan],May stay
[1969],[nan],May stay
[1970],[nan],May stay
[1971],[nan],May stay
[1972],[nan],May stay
[1973],[nan],May stay
[1974],[nan],May stay
[1975],[nan],May stay
[1976],[nan],May stay
[1979],[nan],May stay
[1980],[nan],May stay
[1981],[nan],May stay
[1982],[nan],May stay
[1985],[nan],May stay
[1986],[nan],May stay
[1987],[nan],May stay
[1989],[nan],May stay
[1992],[nan],May stay
[1993],[nan],May stay
[1994],[nan],May stay
[1995],[nan],May stay
[1996],[nan],May stay
[1997],[nan],May stay
[1998],[nan],May stay
[1999],[nan],May stay
[2000],[nan],May stay
[2003],[nan],May stay
[2007],[nan],May stay
[2008],[nan],May stay
[2009],[nan],May stay
[2010],[nan],May stay
[2012],[nan],May stay
[2013],[nan],May stay
[2014],[nan],May stay
[2015],[nan],May stay
[2016],[nan],May stay
[2017],[nan],May stay
[2018],[nan],May stay
[2019],[nan],May stay
[2020],[nan],May stay
[2021],[nan],May stay
[2022],[nan],May stay
[2023],[nan],Might Leave
[2024],[nan],May stay
[2025],[nan],May stay
[2026],[nan],May stay
[2027],[nan],Might Leave
[2031],[nan],May stay
[2032],[nan],May stay
[2034],[nan],May stay
[2035],[nan],May stay
[2036],[nan],May stay
[2037],[nan],May stay
[2038],[nan],May stay
[2040],[nan],May stay
[2041],[nan],May stay
[2044],[nan],May stay
[2045],[nan],May stay
[2046],[nan],May stay
[2048],[nan],May stay
[2049],[nan],May stay
[2051],[nan],May stay
[2052],[nan],May stay
[2053],[nan],May stay
[2054],[nan],May stay
[2055],[nan],May stay
[2056],[nan],May stay
[2057],[nan],May stay
[2060],[nan],May stay
[2061],[nan],May stay
[2062],[nan],May stay
[2064],[nan],May stay
[2065],[nan],May stay
[2068],[nan],May stay
